作業/判定,タイムスタンプ,読Qネーム,年齢,都道府県,市町村,読Q本ID,検出書籍名,著者,ジャンルから,検索方法,アクション
ISBNから,2021-08-22 20:13:25,非会員,,,,dq57,サンプル,姫野 桃花,,,詳細を見る,
ISBNから,2021-08-22 20:37:05,非会員,,,,dq57,サンプル,姫野 桃花,,,詳細を見る,
ISBNから,2021-08-23 00:00:08,非会員,,,,dq50,トロッコ,芥川 龍之介,,,詳細を見る,
ISBNから,2021-08-23 04:32:09,非会員,,,,dq50,トロッコ,芥川 龍之介,,,詳細を見る,
ISBNから,2021-08-23 18:29:52,非会員,,,,dq60,くまの子ウーフ,神沢 利子,,,詳細を見る,
ISBNから,2021-08-23 21:58:27,非会員,,,,dq56,僕たちの戦争,荻原 浩,,,詳細を見る,
ISBNから,2021-08-24 01:10:48,yukari05831k,58,神奈川県,藤沢市,dq54,思考の整理学,外山 滋比古,,,詳細を見る,
ISBNから,2021-08-24 01:11:52,yukari05831k,58,神奈川県,藤沢市,dq55,読書力,齋藤 孝,,,詳細を見る,
ISBNから,2021-08-24 04:05:05,非会員,,,,dq29,最後の一枚の葉,ヘンリー オー,,,詳細を見る,
ISBNから,2021-08-24 10:00:57,非会員,,,,dq55,読書力,齋藤 孝,,,詳細を見る,
ISBNから,2021-08-24 22:27:05,非会員,,,,dq55,読書力,齋藤 孝,,,詳細を見る,
ISBNから,2021-08-25 22:03:24,非会員,,,,dq61,エルマーのぼうけん,ガネット ルース,,,詳細を見る,
ISBNから,2021-08-26 00:19:03,非会員,,,,dq55,読書力,齋藤 孝,,,詳細を見る,
ISBNから,2021-08-26 00:20:49,非会員,,,,dq59,野ばら,小川 未明,,,詳細を見る,
ISBNから,2021-08-26 08:32:04,非会員,,,,dq60,くまの子ウーフ,神沢 利子,,,詳細を見る,
ISBNから,2021-08-26 08:38:18,非会員,,,,dq43,明日の記憶,荻原 浩,,,詳細を見る,
ISBNから,2021-08-26 10:05:08,非会員,,,,dq54,思考の整理学,外山 滋比古,,,詳細を見る,
ISBNから,2021-08-26 17:13:50,非会員,,,,dq56,僕たちの戦争,荻原 浩,,,詳細を見る,
ISBNから,2021-08-26 17:26:22,非会員,,,,dq46,大どろぼうホッツェンプロッツ,プロイスラー オトフリート,,,詳細を見る,
ISBNから,2021-08-26 19:36:10,非会員,,,,dq54,思考の整理学,外山 滋比古,,,詳細を見る,
ISBNから,2021-08-26 23:48:24,非会員,,,,dq61,エルマーのぼうけん,ガネット ルース,,,詳細を見る,
ISBNから,2021-08-27 00:25:03,非会員,,,,dq55,読書力,齋藤 孝,,,詳細を見る,
ISBNから,2021-08-27 04:42:43,非会員,,,,dq50,トロッコ,芥川 龍之介,,,詳細を見る,
ISBNから,2021-08-27 14:43:52,非会員,,,,dq54,思考の整理学,外山 滋比古,,,詳細を見る,
ISBNから,2021-08-28 00:17:33,非会員,,,,dq56,僕たちの戦争,荻原 浩,,,詳細を見る,
ISBNから,2021-08-28 03:41:03,非会員,,,,dq60,くまの子ウーフ,神沢 利子,,,詳細を見る,
ISBNから,2021-08-28 06:14:25,非会員,,,,dq56,僕たちの戦争,荻原 浩,,,詳細を見る,
ISBNから,2021-08-28 08:41:35,非会員,,,,dq56,僕たちの戦争,荻原 浩,,,詳細を見る,
ISBNから,2021-08-28 12:38:50,非会員,,,,dq57,サンプル,姫野 桃花,,,詳細を見る,
ISBNから,2021-08-28 16:38:03,非会員,,,,dq61,エルマーのぼうけん,ガネット ルース,,,詳細を見る,
ISBNから,2021-08-28 22:29:43,非会員,,,,dq46,大どろぼうホッツェンプロッツ,プロイスラー オトフリート,,,詳細を見る,
